id,nome,idade,email
1,Susana Jesus,19,susana.jesus95@sapo.pt
2,Nuno Alves,26,nuno.alves95@gmail.com
3,Vasco Fonseca,23,vasco.fonseca76@hotmail.com
4,Maria Santos,23,maria.santos28@outlook.pt
5,Raquel Azevedo,19,raquel.azevedo72@outlook.pt
6,Henrique Fonseca,44,henrique.fonseca29@hotmail.com
7,Afonso Pinto,69,afonso.pinto1@iol.pt
8,Marta Cardoso,39,marta.cardoso36@outlook.pt
9,Tiago Correia,24,tiago.correia12@hotmail.com
10,Inês Mendes,72,ines.mendes45@mail.pt
11,Leonor Ferreira,64,leonor.ferreira59@mail.pt
12,Rui Soares,23,rui.soares71@sapo.pt
13,Susana Borges,41,susana.borges74@outlook.pt
14,Henrique Costa,20,henrique.costa85@outlook.pt
15,Dinis Carvalho,23,dinis.carvalho30@iol.pt
16,Inês Soares,35,ines.soares59@yahoo.com
17,Francisco Gonçalves,41,francisco.goncalves46@outlook.pt
18,Teresa Pinto,62,teresa.pinto88@yahoo.com
19,Sofia Azevedo,58,sofia.azevedo22@mail.pt
20,Carla Almeida,28,carla.almeida60@hotmail.com
21,Bruno Machado,32,bruno.machado88@sapo.pt
22,Dinis Pereira,32,dinis.pereira5@iol.pt
23,Sara Vieira,35,sara.vieira9@outlook.pt
24,Mónica Moreira,31,monica.moreira84@hotmail.com
25,Luís Cunha,27,luis.cunha34@outlook.pt
26,Nuno Machado,52,nuno.machado34@yahoo.com
27,Afonso Cardoso,55,afonso.cardoso52@sapo.pt
28,Filipa Sousa,50,filipa.sousa64@gmail.com
29,Liliana Pereira,25,liliana.pereira20@yahoo.com
30,Marta Cardoso,56,marta.cardoso9@hotmail.com
31,Joana Azevedo,47,joana.azevedo68@sapo.pt
32,Rodrigo Silva,61,rodrigo.silva93@gmail.com
33,Vasco Fonseca,66,vasco.fonseca35@iol.pt
34,Alexandre Correia,25,alexandre.correia38@hotmail.com
35,Marta Cunha,18,marta.cunha93@yahoo.com
36,Leonor Melo,66,leonor.melo23@mail.pt
37,Inês Teixeira,71,ines.teixeira82@mail.pt
38,Cristina Lopes,27,cristina.lopes48@iol.pt
39,Marta Fonseca,67,marta.fonseca68@gmail.com
40,Cristina Moreira,49,cristina.moreira3@gmail.com
41,Francisco Teixeira,33,francisco.teixeira8@outlook.pt
42,Mónica Rodrigues,23,monica.rodrigues94@hotmail.com
43,Sofia Fonseca,67,sofia.fonseca17@outlook.pt
44,Teresa Oliveira,53,teresa.oliveira22@sapo.pt
45,Paulo Azevedo,45,paulo.azevedo28@mail.pt
46,Liliana Lopes,63,liliana.lopes40@hotmail.com
47,Teresa Nunes,46,teresa.nunes67@hotmail.com
48,Rui Almeida,32,rui.almeida9@sapo.pt
49,João Figueiredo,53,joao.figueiredo30@mail.pt
50,Filipa Silva,22,filipa.silva91@yahoo.com
51,Pedro Alves,22,pedro.alves5@iol.pt
52,Gonçalo Costa,50,goncalo.costa31@sapo.pt
53,Teresa Ramos,31,teresa.ramos70@outlook.pt
54,Carla Freitas,54,carla.freitas61@outlook.pt
55,Cláudia Monteiro,30,claudia.monteiro13@gmail.com
56,Teresa Cardoso,40,teresa.cardoso55@hotmail.com
57,Hugo Pereira,61,hugo.pereira84@yahoo.com
58,Inês Pereira,43,ines.pereira94@sapo.pt
59,Inês Almeida,30,ines.almeida25@mail.pt
60,Patrícia Sousa,45,patricia.sousa24@sapo.pt
61,Hugo Almeida,22,hugo.almeida57@iol.pt
62,Rodrigo Martins,21,rodrigo.martins84@mail.pt
63,Ana Rodrigues,66,ana.rodrigues31@outlook.pt
64,Vera Ramos,48,vera.ramos28@iol.pt
65,Luís Pereira,28,luis.pereira49@gmail.com
66,Joana Ribeiro,68,joana.ribeiro59@sapo.pt
67,Ricardo Machado,60,ricardo.machado92@hotmail.com
68,Carlos Lopes,36,carlos.lopes28@gmail.com
69,Afonso Fonseca,21,afonso.fonseca96@sapo.pt
70,Pedro Pereira,55,pedro.pereira62@mail.pt
71,Paulo Gonçalves,21,paulo.goncalves66@gmail.com
72,André Costa,56,andre.costa9@yahoo.com
73,Nuno Vieira,25,nuno.vieira73@outlook.pt
74,Afonso Azevedo,20,afonso.azevedo80@gmail.com
75,Vera Figueiredo,54,vera.figueiredo67@sapo.pt
76,Leonor Marques,60,leonor.marques92@sapo.pt
77,Nuno Ribeiro,43,nuno.ribeiro17@yahoo.com
78,Alexandre Teixeira,47,alexandre.teixeira41@iol.pt
79,Sofia Silva,47,sofia.silva80@mail.pt
80,Inês Costa,52,ines.costa28@mail.pt
81,Leonor Sousa,40,leonor.sousa9@outlook.pt
82,Francisco Carvalho,28,francisco.carvalho57@iol.pt
83,Diana Teixeira,57,diana.teixeira84@mail.pt
84,Ana Machado,37,ana.machado85@gmail.com
85,Beatriz Ribeiro,25,beatriz.ribeiro14@yahoo.com
86,Rodrigo Fernandes,35,rodrigo.fernandes37@mail.pt
87,Tiago Correia,31,tiago.correia88@yahoo.com
88,Leonor Melo,49,leonor.melo33@iol.pt
89,Pedro Rodrigues,58,pedro.rodrigues55@iol.pt
90,Bruno Ferreira,18,bruno.ferreira43@iol.pt
91,Beatriz Ribeiro,28,beatriz.ribeiro95@hotmail.com
92,Rodrigo Cardoso,53,rodrigo.cardoso2@gmail.com
93,Sofia Fernandes,52,sofia.fernandes5@iol.pt
94,Francisco Figueiredo,53,francisco.figueiredo19@hotmail.com
95,Beatriz Ferreira,37,beatriz.ferreira47@iol.pt
96,Maria Mendes,31,maria.mendes88@outlook.pt
97,Teresa Martins,40,teresa.martins72@iol.pt
98,Vera Borges,65,vera.borges20@outlook.pt
99,Marta Gomes,44,marta.gomes4@outlook.pt
100,Manuel Correia,68,manuel.correia53@iol.pt
101,Teresa Almeida,35,teresa.almeida21@iol.pt
102,Lara Martins,42,lara.martins5@iol.pt
103,Cláudia Alves,30,claudia.alves59@sapo.pt
104,Diogo Alves,32,diogo.alves4@yahoo.com
105,Catarina Vieira,39,catarina.vieira36@iol.pt
106,Sofia Pinto,40,sofia.pinto83@mail.pt
107,Luís Fonseca,39,luis.fonseca4@gmail.com
108,Leonor Gomes,55,leonor.gomes34@gmail.com
109,Inês Azevedo,45,ines.azevedo45@yahoo.com
110,Sara Cardoso,56,sara.cardoso66@gmail.com
111,Joana Freitas,30,joana.freitas33@gmail.com
112,Henrique Cardoso,18,henrique.cardoso67@iol.pt
113,Diana Lopes,41,diana.lopes56@gmail.com
114,Teresa Correia,57,teresa.correia41@yahoo.com
115,Rui Teixeira,50,rui.teixeira40@yahoo.com
116,Vera Moreira,43,vera.moreira90@sapo.pt
117,Rodrigo Sousa,30,rodrigo.sousa54@yahoo.com
118,Joana Gomes,57,joana.gomes73@sapo.pt
119,Luís Machado,71,luis.machado1@sapo.pt
120,Mariana Marques,45,mariana.marques75@mail.pt
121,Alexandre Moreira,47,alexandre.moreira57@hotmail.com
122,Vasco Marques,50,vasco.marques61@iol.pt
123,Manuel Gonçalves,60,manuel.goncalves11@sapo.pt
124,Raquel Borges,39,raquel.borges12@iol.pt
125,Liliana Almeida,61,liliana.almeida40@outlook.pt
126,Catarina Fernandes,19,catarina.fernandes6@outlook.pt
127,Cláudia Borges,72,claudia.borges99@gmail.com
128,Hugo Monteiro,58,hugo.monteiro74@outlook.pt
129,Henrique Soares,49,henrique.soares52@outlook.pt
130,Carlos Silva,66,carlos.silva99@gmail.com
131,Dinis Cardoso,32,dinis.cardoso23@iol.pt
132,Lara Castro,47,lara.castro7@mail.pt
133,Nuno Jesus,47,nuno.jesus18@iol.pt
134,Hugo Castro,53,hugo.castro77@sapo.pt
135,Liliana Rocha,57,liliana.rocha93@mail.pt
136,Ricardo Machado,46,ricardo.machado21@yahoo.com
137,Cláudia Rocha,34,claudia.rocha97@outlook.pt
138,Susana Pinto,67,susana.pinto67@hotmail.com
139,Susana Almeida,35,susana.almeida57@gmail.com
140,Henrique Carvalho,33,henrique.carvalho35@sapo.pt
141,Sara Fonseca,23,sara.fonseca18@outlook.pt
142,Filipa Soares,62,filipa.soares20@yahoo.com
143,Tiago Costa,44,tiago.costa53@sapo.pt
144,Diana Cunha,44,diana.cunha8@outlook.pt
145,Vera Soares,67,vera.soares75@yahoo.com
146,João Freitas,42,joao.freitas62@gmail.com
147,Rita Teixeira,66,rita.teixeira50@iol.pt
148,Vera Fonseca,65,vera.fonseca95@mail.pt
149,Cristina Alves,49,cristina.alves29@sapo.pt
150,Ricardo Ramos,19,ricardo.ramos50@sapo.pt
151,Teresa Vieira,64,teresa.vieira22@iol.pt
152,Hugo Sousa,57,hugo.sousa69@gmail.com
153,Luís Figueiredo,54,luis.figueiredo85@gmail.com
154,Miguel Cardoso,26,miguel.cardoso60@outlook.pt
155,Pedro Ribeiro,42,pedro.ribeiro42@outlook.pt
156,Hugo Moreira,39,hugo.moreira98@hotmail.com
157,Bruno Monteiro,34,bruno.monteiro11@hotmail.com
158,João Fonseca,21,joao.fonseca45@outlook.pt
159,Alexandre Costa,67,alexandre.costa84@gmail.com
160,Liliana Santos,33,liliana.santos26@iol.pt
161,João Borges,27,joao.borges31@outlook.pt
162,Cláudia Jesus,54,claudia.jesus28@hotmail.com
163,Lara Ribeiro,67,lara.ribeiro48@outlook.pt
164,Cristina Azevedo,65,cristina.azevedo92@gmail.com
165,Dinis Gonçalves,37,dinis.goncalves14@mail.pt
166,João Teixeira,54,joao.teixeira87@hotmail.com
167,Luís Lopes,22,luis.lopes76@yahoo.com
168,Susana Almeida,24,susana.almeida90@iol.pt
169,Diogo Azevedo,69,diogo.azevedo16@iol.pt
170,Mónica Ferreira,40,monica.ferreira69@hotmail.com
171,Teresa Nunes,22,teresa.nunes65@yahoo.com
172,Gonçalo Silva,72,goncalo.silva54@iol.pt
173,Sérgio Martins,45,sergio.martins47@yahoo.com
174,Hugo Fernandes,45,hugo.fernandes23@yahoo.com
175,Paulo Pinto,57,paulo.pinto69@iol.pt
176,Cláudia Cunha,45,claudia.cunha94@mail.pt
177,Bruno Moreira,72,bruno.moreira32@iol.pt
178,Miguel Pinto,46,miguel.pinto32@iol.pt
179,Hugo Freitas,57,hugo.freitas86@hotmail.com
180,Gonçalo Santos,49,goncalo.santos42@outlook.pt
181,Sérgio Marques,40,sergio.marques34@sapo.pt
182,Bruno Azevedo,62,bruno.azevedo36@mail.pt
183,Ana Castro,30,ana.castro11@outlook.pt
184,Carla Monteiro,49,carla.monteiro72@iol.pt
185,Nuno Oliveira,59,nuno.oliveira92@hotmail.com
186,Patrícia Santos,23,patricia.santos38@outlook.pt
187,Luís Almeida,37,luis.almeida85@mail.pt
188,Francisco Oliveira,53,francisco.oliveira68@sapo.pt
189,Ricardo Machado,39,ricardo.machado46@yahoo.com
190,Hugo Pinto,37,hugo.pinto33@outlook.pt
191,Rui Lopes,38,rui.lopes16@yahoo.com
192,Diana Gomes,30,diana.gomes28@yahoo.com
193,Cláudia Pinto,64,claudia.pinto76@iol.pt
194,Paulo Azevedo,36,paulo.azevedo13@iol.pt
195,Catarina Carvalho,32,catarina.carvalho47@outlook.pt
196,Diogo Silva,63,diogo.silva69@outlook.pt
197,Bruno Ferreira,21,bruno.ferreira71@sapo.pt
198,Lara Sousa,58,lara.sousa97@hotmail.com
199,Inês Silva,54,ines.silva37@hotmail.com
200,Cláudia Rocha,39,claudia.rocha24@gmail.com
201,Leonor Oliveira,25,leonor.oliveira9@hotmail.com
202,Sérgio Costa,54,sergio.costa81@yahoo.com
203,Pedro Fernandes,27,pedro.fernandes73@sapo.pt
204,Miguel Almeida,25,miguel.almeida72@iol.pt
205,Vera Azevedo,56,vera.azevedo80@outlook.pt
206,Dinis Castro,42,dinis.castro58@hotmail.com
207,Diogo Figueiredo,45,diogo.figueiredo40@mail.pt
208,Tomás Pereira,57,tomas.pereira95@gmail.com
209,Liliana Marques,58,liliana.marques28@sapo.pt
210,Teresa Rodrigues,28,teresa.rodrigues31@outlook.pt
211,Rodrigo Costa,28,rodrigo.costa1@hotmail.com
212,Patrícia Azevedo,48,patricia.azevedo38@gmail.com
213,Filipa Carvalho,63,filipa.carvalho37@yahoo.com
214,Hugo Costa,61,hugo.costa30@sapo.pt
215,Susana Figueiredo,60,susana.figueiredo26@hotmail.com
216,Rui Fonseca,32,rui.fonseca83@outlook.pt
217,Bruno Fernandes,22,bruno.fernandes8@outlook.pt
218,Diogo Azevedo,65,diogo.azevedo73@sapo.pt
219,Patrícia Jesus,47,patricia.jesus89@sapo.pt
220,Lara Vieira,35,lara.vieira65@mail.pt
221,Sérgio Rocha,23,sergio.rocha77@gmail.com
222,Ricardo Moreira,56,ricardo.moreira33@gmail.com
223,Miguel Alves,61,miguel.alves74@mail.pt
224,João Pinto,54,joao.pinto6@iol.pt
225,Liliana Gomes,48,liliana.gomes67@yahoo.com
226,Patrícia Pinto,29,patricia.pinto75@hotmail.com
227,Susana Ramos,23,susana.ramos61@sapo.pt
228,Vera Correia,38,vera.correia86@gmail.com
229,Marta Correia,44,marta.correia89@hotmail.com
230,Mariana Vieira,70,mariana.vieira98@mail.pt
231,Maria Cunha,23,maria.cunha41@sapo.pt
232,Sara Jesus,67,sara.jesus52@iol.pt
233,Raquel Silva,60,raquel.silva70@hotmail.com
234,Vera Pereira,30,vera.pereira67@sapo.pt
235,Tomás Ramos,58,tomas.ramos57@iol.pt
236,Pedro Marques,35,pedro.marques71@outlook.pt
237,Mariana Rocha,62,mariana.rocha63@gmail.com
238,João Azevedo,69,joao.azevedo31@yahoo.com
239,Marta Teixeira,53,marta.teixeira2@mail.pt
240,Vera Rodrigues,32,vera.rodrigues15@hotmail.com
241,Rui Fernandes,49,rui.fernandes92@sapo.pt
242,Raquel Pinto,44,raquel.pinto62@hotmail.com
243,Nuno Cunha,53,nuno.cunha19@hotmail.com
244,Catarina Azevedo,50,catarina.azevedo96@outlook.pt
245,Sofia Pinto,67,sofia.pinto54@sapo.pt
246,Raquel Pinto,70,raquel.pinto1@sapo.pt
247,Carla Teixeira,71,carla.teixeira76@mail.pt
248,Teresa Ramos,27,teresa.ramos58@mail.pt
249,Cláudia Mendes,39,claudia.mendes71@iol.pt
250,Diana Soares,47,diana.soares42@iol.pt
251,Catarina Almeida,54,catarina.almeida50@outlook.pt
252,Dinis Monteiro,20,dinis.monteiro41@yahoo.com
253,Cláudia Soares,42,claudia.soares85@iol.pt
254,Alexandre Fernandes,49,alexandre.fernandes5@outlook.pt
255,Raquel Figueiredo,39,raquel.figueiredo13@iol.pt
256,Patrícia Martins,51,patricia.martins59@gmail.com
257,Carla Fernandes,44,carla.fernandes84@outlook.pt
258,Sofia Oliveira,68,sofia.oliveira34@sapo.pt
259,Tomás Vieira,59,tomas.vieira11@iol.pt
260,Gonçalo Fonseca,42,goncalo.fonseca41@yahoo.com
261,Henrique Ramos,52,henrique.ramos5@mail.pt
262,Sofia Almeida,58,sofia.almeida88@sapo.pt
263,Filipa Rodrigues,45,filipa.rodrigues13@iol.pt
264,Susana Martins,46,susana.martins22@yahoo.com
265,Diogo Santos,20,diogo.santos42@iol.pt
266,Pedro Carvalho,40,pedro.carvalho48@hotmail.com
267,Carlos Almeida,51,carlos.almeida53@mail.pt
268,Vasco Gomes,28,vasco.gomes23@gmail.com
269,Tomás Soares,57,tomas.soares88@outlook.pt
270,Sérgio Figueiredo,27,sergio.figueiredo30@hotmail.com
271,Susana Ribeiro,47,susana.ribeiro33@yahoo.com
272,Ana Cunha,36,ana.cunha87@mail.pt
273,Marta Costa,46,marta.costa45@mail.pt
274,Diogo Cardoso,62,diogo.cardoso33@hotmail.com
275,Diogo Lopes,42,diogo.lopes62@gmail.com
276,Nuno Soares,54,nuno.soares46@mail.pt
277,Mariana Carvalho,19,mariana.carvalho85@hotmail.com
278,Bruno Silva,54,bruno.silva88@iol.pt
279,Manuel Pereira,56,manuel.pereira96@hotmail.com
280,Mariana Alves,56,mariana.alves46@outlook.pt
281,Susana Lopes,57,susana.lopes33@yahoo.com
282,Liliana Sousa,58,liliana.sousa13@yahoo.com
283,Alexandre Ferreira,37,alexandre.ferreira57@gmail.com
284,Afonso Nunes,64,afonso.nunes17@gmail.com
285,Mariana Moreira,65,mariana.moreira54@outlook.pt
286,Catarina Sousa,68,catarina.sousa70@sapo.pt
287,Paulo Melo,35,paulo.melo22@sapo.pt
288,Cláudia Carvalho,65,claudia.carvalho44@iol.pt
289,Rui Cunha,22,rui.cunha19@iol.pt
290,Filipa Vieira,72,filipa.vieira72@sapo.pt
291,Miguel Vieira,18,miguel.vieira34@mail.pt
292,Rui Cunha,41,rui.cunha87@yahoo.com
293,Vasco Ribeiro,55,vasco.ribeiro49@iol.pt
294,Susana Nunes,24,susana.nunes87@outlook.pt
295,Cláudia Santos,57,claudia.santos72@sapo.pt
296,Tomás Alves,59,tomas.alves9@yahoo.com
297,Hugo Teixeira,59,hugo.teixeira53@gmail.com
298,Beatriz Ferreira,20,beatriz.ferreira39@hotmail.com
299,Rui Martins,33,rui.martins69@outlook.pt
300,Joana Cunha,41,joana.cunha86@yahoo.com
301,Lara Fonseca,44,lara.fonseca76@yahoo.com
302,Carla Fernandes,44,carla.fernandes84@gmail.com
303,Sérgio Borges,44,sergio.borges36@gmail.com
304,Lara Nunes,31,lara.nunes57@hotmail.com
305,Nuno Nunes,24,nuno.nunes88@sapo.pt
306,Diana Mendes,21,diana.mendes51@sapo.pt
307,Catarina Jesus,72,catarina.jesus59@gmail.com
308,Teresa Marques,59,teresa.marques82@mail.pt
309,João Pereira,68,joao.pereira43@outlook.pt
310,Beatriz Freitas,31,beatriz.freitas9@iol.pt
311,Liliana Machado,31,liliana.machado76@outlook.pt
312,Filipa Correia,67,filipa.correia19@iol.pt
313,Cristina Silva,35,cristina.silva19@outlook.pt
314,Diana Ribeiro,69,diana.ribeiro23@gmail.com
315,Teresa Santos,26,teresa.santos2@sapo.pt
316,Nuno Figueiredo,38,nuno.figueiredo3@outlook.pt
317,Leonor Pereira,26,leonor.pereira95@hotmail.com
318,Paulo Jesus,65,paulo.jesus9@hotmail.com
319,Patrícia Nunes,50,patricia.nunes76@gmail.com
320,Patrícia Melo,32,patricia.melo79@gmail.com
321,Carla Castro,37,carla.castro59@yahoo.com
322,João Pereira,48,joao.pereira52@hotmail.com
323,Vasco Martins,49,vasco.martins92@hotmail.com
324,Sofia Rodrigues,38,sofia.rodrigues78@outlook.pt
325,Sofia Sousa,35,sofia.sousa80@yahoo.com
326,Afonso Machado,63,afonso.machado42@hotmail.com
327,Cristina Castro,36,cristina.castro59@mail.pt
328,Cristina Cardoso,24,cristina.cardoso90@gmail.com
329,Alexandre Machado,64,alexandre.machado28@hotmail.com
330,Patrícia Alves,44,patricia.alves44@iol.pt
331,Hugo Vieira,44,hugo.vieira94@gmail.com
332,Sara Cardoso,38,sara.cardoso86@sapo.pt
333,Francisco Fernandes,61,francisco.fernandes61@gmail.com
334,Miguel Rodrigues,23,miguel.rodrigues56@gmail.com
335,Manuel Nunes,69,manuel.nunes17@mail.pt
336,Pedro Figueiredo,53,pedro.figueiredo72@sapo.pt
337,Teresa Jesus,44,teresa.jesus46@iol.pt
338,Teresa Cardoso,64,teresa.cardoso7@sapo.pt
339,Cristina Teixeira,40,cristina.teixeira14@mail.pt
340,Raquel Marques,27,raquel.marques85@hotmail.com
341,Filipa Martins,40,filipa.martins72@sapo.pt
342,Rui Pinto,54,rui.pinto29@iol.pt
343,Ricardo Machado,67,ricardo.machado80@mail.pt
344,Vasco Machado,19,vasco.machado78@yahoo.com
345,Lara Pinto,19,lara.pinto24@sapo.pt
346,Lara Teixeira,39,lara.teixeira45@gmail.com
347,André Fernandes,54,andre.fernandes85@hotmail.com
348,Sofia Fernandes,65,sofia.fernandes82@gmail.com
349,Miguel Castro,31,miguel.castro49@hotmail.com
350,Hugo Correia,28,hugo.correia48@sapo.pt
351,Carla Moreira,67,carla.moreira73@mail.pt
352,Miguel Pereira,27,miguel.pereira21@iol.pt
353,Tomás Pereira,61,tomas.pereira11@sapo.pt
354,Patrícia Cardoso,49,patricia.cardoso78@hotmail.com
355,Vera Pinto,31,vera.pinto97@mail.pt
356,Rui Mendes,45,rui.mendes15@sapo.pt
357,Vasco Figueiredo,49,vasco.figueiredo68@yahoo.com
358,Diogo Ferreira,32,diogo.ferreira51@mail.pt
359,Pedro Silva,31,pedro.silva39@outlook.pt
360,Dinis Sousa,66,dinis.sousa33@sapo.pt
361,Sara Jesus,18,sara.jesus64@yahoo.com
362,Ricardo Gomes,26,ricardo.gomes49@mail.pt
363,Henrique Alves,50,henrique.alves72@iol.pt
364,Teresa Mendes,22,teresa.mendes51@iol.pt
365,Manuel Ferreira,45,manuel.ferreira3@hotmail.com
366,Sofia Moreira,54,sofia.moreira55@mail.pt
367,Luís Monteiro,36,luis.monteiro15@hotmail.com
368,João Moreira,28,joao.moreira80@hotmail.com
369,Lara Nunes,23,lara.nunes56@iol.pt
370,Inês Almeida,45,ines.almeida76@hotmail.com
371,Paulo Rodrigues,43,paulo.rodrigues40@yahoo.com
372,Gonçalo Alves,39,goncalo.alves22@gmail.com
373,Raquel Jesus,51,raquel.jesus66@outlook.pt
374,Dinis Mendes,40,dinis.mendes94@iol.pt
375,Alexandre Fernandes,33,alexandre.fernandes14@outlook.pt
376,Leonor Lopes,29,leonor.lopes78@outlook.pt
377,Liliana Costa,29,liliana.costa99@yahoo.com
378,Sérgio Cunha,66,sergio.cunha73@iol.pt
379,Afonso Rocha,61,afonso.rocha73@yahoo.com
380,Susana Borges,38,susana.borges81@sapo.pt
381,Carlos Rocha,22,carlos.rocha61@hotmail.com
382,Susana Teixeira,68,susana.teixeira36@mail.pt
383,Pedro Mendes,50,pedro.mendes10@sapo.pt
384,Hugo Rocha,20,hugo.rocha8@sapo.pt
385,Mariana Costa,59,mariana.costa12@mail.pt
386,Cristina Melo,42,cristina.melo60@mail.pt
387,Rodrigo Ferreira,46,rodrigo.ferreira74@yahoo.com
388,Catarina Moreira,56,catarina.moreira61@mail.pt
389,Carlos Pereira,46,carlos.pereira14@iol.pt
390,Gonçalo Rodrigues,50,goncalo.rodrigues83@outlook.pt
391,Maria Almeida,63,maria.almeida57@hotmail.com
392,Paulo Castro,57,paulo.castro21@sapo.pt
393,Francisco Carvalho,42,francisco.carvalho53@iol.pt
394,Gonçalo Azevedo,21,goncalo.azevedo81@yahoo.com
395,Gonçalo Costa,39,goncalo.costa13@mail.pt
396,Vasco Soares,36,vasco.soares33@yahoo.com
397,Teresa Azevedo,27,teresa.azevedo43@gmail.com
398,Afonso Fernandes,40,afonso.fernandes40@yahoo.com
399,Lara Vieira,26,lara.vieira77@yahoo.com
400,Miguel Teixeira,53,miguel.teixeira49@yahoo.com
401,Gonçalo Sousa,60,goncalo.sousa90@iol.pt
402,Manuel Castro,23,manuel.castro83@yahoo.com
403,Ricardo Melo,41,ricardo.melo3@sapo.pt
404,Diogo Gomes,31,diogo.gomes44@iol.pt
405,Sérgio Lopes,32,sergio.lopes18@outlook.pt
406,Sofia Carvalho,72,sofia.carvalho13@mail.pt
407,Dinis Fonseca,71,dinis.fonseca95@mail.pt
408,Maria Correia,67,maria.correia80@outlook.pt
409,Cristina Soares,27,cristina.soares21@outlook.pt
410,Lara Borges,69,lara.borges22@yahoo.com
411,Patrícia Ferreira,44,patricia.ferreira47@yahoo.com
412,Carla Almeida,46,carla.almeida79@sapo.pt
413,Liliana Rocha,32,liliana.rocha69@outlook.pt
414,Diogo Oliveira,71,diogo.oliveira25@sapo.pt
415,Vasco Freitas,46,vasco.freitas60@iol.pt
416,Mariana Soares,50,mariana.soares68@hotmail.com
417,Marta Lopes,69,marta.lopes78@outlook.pt
418,Leonor Pereira,59,leonor.pereira62@iol.pt
419,Francisco Machado,24,francisco.machado92@iol.pt
420,Paulo Jesus,36,paulo.jesus11@iol.pt
421,Marta Pinto,46,marta.pinto66@outlook.pt
422,Ricardo Rodrigues,32,ricardo.rodrigues58@sapo.pt
423,João Monteiro,21,joao.monteiro51@mail.pt
424,Francisco Almeida,42,francisco.almeida11@sapo.pt
425,Filipa Santos,38,filipa.santos13@iol.pt
426,Henrique Correia,68,henrique.correia19@outlook.pt
427,Maria Carvalho,71,maria.carvalho61@yahoo.com
428,Beatriz Oliveira,46,beatriz.oliveira79@gmail.com
429,Miguel Santos,34,miguel.santos28@iol.pt
430,Carlos Machado,64,carlos.machado78@mail.pt
431,Ricardo Jesus,67,ricardo.jesus37@outlook.pt
432,Diogo Jesus,21,diogo.jesus31@hotmail.com
433,Susana Borges,47,susana.borges9@gmail.com
434,Sérgio Azevedo,52,sergio.azevedo3@yahoo.com
435,Raquel Freitas,33,raquel.freitas92@outlook.pt
436,Mariana Cardoso,18,mariana.cardoso79@sapo.pt
437,Nuno Freitas,44,nuno.freitas24@yahoo.com
438,Teresa Rodrigues,51,teresa.rodrigues47@gmail.com
439,Paulo Fonseca,50,paulo.fonseca65@mail.pt
440,João Soares,48,joao.soares6@yahoo.com
441,Joana Nunes,34,joana.nunes96@gmail.com
442,Rita Costa,40,rita.costa31@yahoo.com
443,Teresa Martins,67,teresa.martins75@yahoo.com
444,Liliana Correia,26,liliana.correia6@sapo.pt
445,Diana Correia,70,diana.correia83@outlook.pt
446,Dinis Cunha,62,dinis.cunha62@yahoo.com
447,André Sousa,22,andre.sousa92@iol.pt
448,Hugo Ferreira,36,hugo.ferreira26@gmail.com
449,Catarina Ferreira,38,catarina.ferreira40@mail.pt
450,Luís Fonseca,48,luis.fonseca33@gmail.com
451,Liliana Lopes,36,liliana.lopes46@iol.pt
452,Dinis Pereira,59,dinis.pereira43@sapo.pt
453,Rui Nunes,45,rui.nunes52@yahoo.com
454,Patrícia Soares,39,patricia.soares24@hotmail.com
455,Lara Ramos,41,lara.ramos67@sapo.pt
456,Miguel Cardoso,23,miguel.cardoso56@mail.pt
457,André Fonseca,36,andre.fonseca42@gmail.com
458,Miguel Moreira,60,miguel.moreira38@sapo.pt
459,Patrícia Azevedo,63,patricia.azevedo55@outlook.pt
460,Lara Rocha,40,lara.rocha58@gmail.com
461,Carla Mendes,57,carla.mendes56@sapo.pt
462,Susana Pereira,22,susana.pereira86@yahoo.com
463,Luís Nunes,50,luis.nunes96@yahoo.com
464,Marta Santos,27,marta.santos78@yahoo.com
465,Patrícia Ferreira,26,patricia.ferreira9@outlook.pt
466,Dinis Nunes,41,dinis.nunes50@mail.pt
467,Maria Azevedo,27,maria.azevedo87@hotmail.com
468,Francisco Nunes,46,francisco.nunes98@gmail.com
469,Mónica Sousa,51,monica.sousa47@hotmail.com
470,Sara Pinto,33,sara.pinto15@gmail.com
471,Manuel Gomes,49,manuel.gomes67@hotmail.com
472,Rodrigo Jesus,34,rodrigo.jesus34@yahoo.com
473,Patrícia Marques,57,patricia.marques37@yahoo.com
474,Sérgio Lopes,25,sergio.lopes18@iol.pt
475,Sofia Rocha,29,sofia.rocha92@hotmail.com
476,Miguel Moreira,60,miguel.moreira45@yahoo.com
477,Sofia Machado,52,sofia.machado38@sapo.pt
478,Marta Gomes,68,marta.gomes47@mail.pt
479,Filipa Jesus,30,filipa.jesus18@outlook.pt
480,Sérgio Santos,41,sergio.santos71@mail.pt
481,Francisco Cunha,69,francisco.cunha71@outlook.pt
482,Tomás Rodrigues,22,tomas.rodrigues40@hotmail.com
483,Henrique Oliveira,51,henrique.oliveira53@iol.pt
484,Vera Freitas,22,vera.freitas17@sapo.pt
485,Alexandre Costa,46,alexandre.costa60@yahoo.com
486,Paulo Mendes,26,paulo.mendes71@yahoo.com
487,Afonso Gomes,67,afonso.gomes17@hotmail.com
488,Raquel Pereira,71,raquel.pereira16@mail.pt
489,Carlos Teixeira,28,carlos.teixeira21@sapo.pt
490,Henrique Alves,40,henrique.alves67@sapo.pt
491,Miguel Ribeiro,30,miguel.ribeiro82@mail.pt
492,Bruno Sousa,58,bruno.sousa39@mail.pt
493,Diana Rodrigues,50,diana.rodrigues83@outlook.pt
494,Afonso Figueiredo,27,afonso.figueiredo22@yahoo.com
495,Tomás Azevedo,39,tomas.azevedo73@gmail.com
496,João Rodrigues,20,joao.rodrigues83@iol.pt
497,Mónica Ribeiro,59,monica.ribeiro27@iol.pt
498,Mónica Monteiro,57,monica.monteiro82@gmail.com
499,Sérgio Fonseca,36,sergio.fonseca83@sapo.pt
500,Cláudia Almeida,69,claudia.almeida88@hotmail.com